{"cameraMode":{"drawMode":0,"name":"Shaded","section":"Shading Mode"},"sceneLighting":true,"audioPlay":false,"sceneViewState":{"showFog":true,"showMaterialUpdate":false,"showSkybox":true,"showFlares":true,"showImageEffects":true,"showParticleSystems":true},"in2DMode":false,"pivot":{"x":-0.8815412521362305,"y":0.32983219623565676,"z":2.942925453186035},"rotation":{"x":-0.049587320536375049,"y":0.09005120396614075,"z":-0.004484978504478931,"w":-0.9947108030319214},"size":5.571351051330566,"orthographic":false}