{"cameraMode":{"drawMode":0,"name":"Shaded","section":"Shading Mode"},"sceneLighting":true,"audioPlay":false,"sceneViewState":{"showFog":true,"showMaterialUpdate":false,"showSkybox":true,"showFlares":true,"showImageEffects":true,"showParticleSystems":true},"in2DMode":false,"pivot":{"x":-1.1549999713897706,"y":1.3830000162124634,"z":3.0},"rotation":{"x":-0.049587320536375049,"y":0.09005120396614075,"z":-0.004484978504478931,"w":-0.9947108030319214},"size":4.91644287109375,"orthographic":false}